{"cameraMode":{"drawMode":0,"name":"Shaded","section":"Shading Mode"},"sceneLighting":false,"audioPlay":false,"sceneViewState":{"showFog":true,"showMaterialUpdate":false,"showSkybox":false,"showFlares":true,"showImageEffects":true,"showParticleSystems":true},"in2DMode":false,"pivot":{"x":-0.05500000715255737,"y":1.0750000476837159,"z":-0.07999998331069946},"rotation":{"x":-0.17182576656341554,"y":0.6990131139755249,"z":-0.17909032106399537,"w":-0.670658528804779},"size":2.8578836917877199,"orthographic":false}