{"cameraMode":{"drawMode":0,"name":"Shaded","section":"Shading Mode"},"sceneLighting":true,"audioPlay":false,"sceneViewState":{"showFog":true,"showMaterialUpdate":false,"showSkybox":true,"showFlares":true,"showImageEffects":true,"showParticleSystems":true},"in2DMode":false,"pivot":{"x":4227.7099609375,"y":-72.09214782714844,"z":0.10051298886537552},"rotation":{"x":0.015655284747481347,"y":0.8980414271354675,"z":0.03206511214375496,"w":-0.4384641647338867},"size":11.16187858581543,"orthographic":false}