{"cameraMode":{"drawMode":0,"name":"Shaded","section":"Shading Mode"},"sceneLighting":true,"audioPlay":false,"sceneViewState":{"showFog":false,"showMaterialUpdate":false,"showSkybox":false,"showFlares":false,"showImageEffects":false,"showParticleSystems":false},"in2DMode":false,"pivot":{"x":6.298330307006836,"y":6.745663166046143,"z":55.94075393676758},"rotation":{"x":-0.18348117172718049,"y":0.3391364514827728,"z":-0.06761544197797775,"w":-0.9202004671096802},"size":20.04820442199707,"orthographic":false}