{"cameraMode":{"drawMode":0,"name":"Shaded","section":"Shading Mode"},"sceneLighting":false,"audioPlay":false,"sceneViewState":{"showFog":true,"showMaterialUpdate":false,"showSkybox":false,"showFlares":true,"showImageEffects":true,"showParticleSystems":true},"in2DMode":false,"pivot":{"x":-0.5824797749519348,"y":-0.2618163824081421,"z":-2.121286392211914},"rotation":{"x":-0.07727716863155365,"y":-0.30680668354034426,"z":0.02500036172568798,"w":-0.9483039379119873},"size":0.39899736642837527,"orthographic":false}