{"cameraMode":{"drawMode":0,"name":"Shaded","section":"Shading Mode"},"sceneLighting":false,"audioPlay":false,"sceneViewState":{"showFog":true,"showMaterialUpdate":false,"showSkybox":false,"showFlares":true,"showImageEffects":true,"showParticleSystems":true},"in2DMode":false,"pivot":{"x":-7.548693656921387,"y":3.834329843521118,"z":-26.84430503845215},"rotation":{"x":-0.32229742407798769,"y":0.6776478290557861,"z":-0.47292429208755495,"w":-0.461813747882843},"size":37.566165924072269,"orthographic":false}